{"Wink2016": {"Gaussian": {"v": 0.00031316308355901993, "R": 553.0609564207193, "fit": 71.14966173149324, "avg_RMSE": 3.1029853674313572}, "Beyer": {"v": 0.00032154098105203566, "R": 490.6687507309598, "fit": 67.76345735231965, "avg_RMSE": 3.491392292778732}, "Bals": {"H": 208.9105381257832, "v": 0.0003469193353306017, "R": 298.35516861175984, "fit": 72.90695304178128, "avg_RMSE": 2.954056604427171}, "Mogi": {"dV": 287.98147374701125, "fit": 64.49948804292855, "avg_RMSE": 34.210176446647004}}}