{"Wink2019": {"Gaussian": {"v": 0.0014134223386665222, "R": 177.99336316524386, "fit": 91.82028884388075, "avg_RMSE": 0.00530267897216661}, "Beyer": {"v": 0.001457668184026366, "R": 156.53814961935905, "fit": 87.02270474052105, "avg_RMSE": 0.008732821742395553}, "Bals": {"H": 60.846120915197915, "v": 0.0016537249940226032, "R": 86.8972663030296, "fit": 86.02538140684906, "avg_RMSE": 0.00860168809698198}, "Mogi": {"dV": 66.37050531292262, "fit": 91.18935986627744, "avg_RMSE": 0.043296078809849835}}}