{"Baer2018_2": {"Gaussian": {"v": 0.0005527988117008342, "R": 33.444902496908746, "fit": 48.93042139184221, "avg_RMSE": 2.3643466328054}, "Beyer": {"v": 0.0005711390164327318, "R": 29.730767939868596, "fit": 47.916650815548344, "avg_RMSE": 2.3913609889355993}, "Bals": {"H": 12.899257371149568, "v": 0.0005936058310267131, "R": 18.422048703060785, "fit": 51.090333477402424, "avg_RMSE": 2.543605567459587}, "Mogi": {"dV": 1.0036314553589696, "fit": 50.57396482933654, "avg_RMSE": 0.01635899586386666}}}