{"Baer2018_3": {"Gaussian": {"v": 0.0004962822733543308, "R": 56.33651092755529, "fit": 64.10230096168237, "avg_RMSE": 1.6481532829405037}, "Beyer": {"v": 0.0005097898828547277, "R": 50.26209544079785, "fit": 60.80536857270562, "avg_RMSE": 1.7771838820746417}, "Bals": {"H": 17.679227928959524, "v": 0.0005902553794672967, "R": 25.248554127483068, "fit": 63.38209785107165, "avg_RMSE": 1.8161499038983002}, "Mogi": {"dV": 1.129735174927496, "fit": 57.8615910367193, "avg_RMSE": 0.019277712583086356}}}