{"Baer2018_1": {"Gaussian": {"v": 0.00022475777480642184, "R": 30.800019218796873, "fit": 7.6450085164155315, "avg_RMSE": 5.031688141269084}, "Beyer": {"v": 0.0002314961077081109, "R": 27.30827381700555, "fit": 7.556980605999929, "avg_RMSE": 5.188999537134053}, "Bals": {"H": 10.162719994188157, "v": 0.00026218764327348725, "R": 14.51386830277805, "fit": 8.556797188300683, "avg_RMSE": 5.137911406806374}, "Mogi": {"dV": 227.83304796629446, "fit": -5704.960770476388, "avg_RMSE": 5.031688141269084}}}