{"Nof2019": {"Gaussian": {"v": 0.00021336584997175373, "R": 32.18551965678917, "fit": -4.124677168834613, "avg_RMSE": 5.429587386555654}, "Beyer": {"v": 0.00021965974951313329, "R": 28.484480929473108, "fit": -4.147631984023566, "avg_RMSE": 5.588810846478539}, "Bals": {"H": 10.80107411048391, "v": 0.00024865228435721424, "R": 15.425532461561454, "fit": -4.483233647013996, "avg_RMSE": 5.507273147262721}, "Mogi": {"dV": 0.37909780421309636, "fit": -9.710276731993016, "avg_RMSE": 0.03655879817813114}}}