{"Nof2013": {"Gaussian": {"v": 0.0029047092163197044, "R": 62.342514522852426, "fit": 59.191759627349036, "avg_RMSE": 129.72099501819307}, "Beyer": {"v": 0.002957436470481802, "R": 56.91200041671359, "fit": 58.13805919206325, "avg_RMSE": 132.9408008165567}, "Bals": {"H": 24.852638560954745, "v": 0.003135963964911239, "R": 35.493246223109736, "fit": 61.27844493679394, "avg_RMSE": 123.37414298151762}, "Mogi": {"dV": 6.676856276033911, "fit": 64.71144314212243, "avg_RMSE": 1.136537931420341}}}